index_symbol,trade_date,open,high,low,close,volume,amount,index_name,reference_market
000300.SH,2025-01-02,3600.0000,3628.8000,3571.2000,3600.0000,90000000,324000000000.0000,CSI 300 Fixture,a_share
000300.SH,2025-01-03,3606.5530,3645.3135,3577.7005,3616.3824,90100000,325836054928.5092,CSI 300 Fixture,a_share
000300.SH,2025-01-06,3622.8272,3661.5543,3593.8446,3632.4943,90200000,327650987637.9351,CSI 300 Fixture,a_share
000300.SH,2025-01-07,3638.7248,3677.2552,3609.6150,3648.0706,90300000,329420773859.2736,CSI 300 Fixture,a_share
000300.SH,2025-01-08,3653.9850,3692.1595,3624.7531,3662.8566,90400000,331122239789.6773,CSI 300 Fixture,a_share
000300.SH,2025-01-09,3668.3594,3706.0264,3639.0125,3676.6135,90500000,332733521842.6547,CSI 300 Fixture,a_share
000300.SH,2025-01-10,3681.6171,3718.6355,3652.1642,3689.1225,90600000,334234500735.8600,CSI 300 Fixture,a_share
000300.SH,2025-01-13,3693.5494,3729.7912,3664.0010,3700.1896,90700000,335607201041.4521,CSI 300 Fixture,a_share
000300.SH,2025-01-14,3703.9735,3739.3264,3674.3417,3709.6492,90800000,336836148009.2146,CSI 300 Fixture,a_share
000300.SH,2025-01-15,3712.7364,3747.1061,3683.0345,3717.3672,90900000,337908674326.4442,CSI 300 Fixture,a_share
000300.SH,2025-01-16,3719.7177,3753.0296,3689.9600,3723.2436,91000000,338815170483.9537,CSI 300 Fixture,a_share
000300.SH,2025-01-17,3724.8321,3757.0326,3695.0335,3727.2149,91100000,339549273554.2208,CSI 300 Fixture,a_share
000300.SH,2025-01-20,3728.0306,3759.0883,3698.2064,3729.2543,91200000,340107990432.8174,CSI 300 Fixture,a_share
000300.SH,2025-01-21,3729.3018,3759.2080,3699.4673,3729.3730,91300000,340491752922.6010,CSI 300 Fixture,a_share
000300.SH,2025-01-22,3728.6715,3758.5009,3697.7983,3727.6193,91400000,340704403424.7917,CSI 300 Fixture,a_share
000300.SH,2025-01-23,3726.2027,3756.0123,3694.2851,3724.0777,91500000,340753111413.8696,CSI 300 Fixture,a_share
000300.SH,2025-01-24,3721.9935,3751.7694,3689.1161,3718.8671,91600000,340648222285.3989,CSI 300 Fixture,a_share
000300.SH,2025-01-27,3716.1754,3745.9048,3682.4408,3712.1379,91700000,340403041548.6166,CSI 300 Fixture,a_share
000300.SH,2025-01-28,3708.9104,3738.5817,3674.4367,3704.0693,91800000,340033558660.5953,CSI 300 Fixture,a_share
000300.SH,2025-01-29,3700.3877,3729.9908,3665.3063,3694.8652,91900000,339558116038.8472,CSI 300 Fixture,a_share
000300.SH,2025-01-30,3690.8193,3720.3458,3655.2723,3684.7503,92000000,338997029918.8616,CSI 300 Fixture,a_share
000300.SH,2025-01-31,3680.4362,3709.8797,3644.5732,3673.9649,92100000,338372170718.9847,CSI 300 Fixture,a_share
000300.SH,2025-02-03,3669.4831,3698.8390,3633.4583,3662.7604,92200000,337706511416.6125,CSI 300 Fixture,a_share
000300.SH,2025-02-04,3658.2138,3687.4795,3622.1827,3651.3939,92300000,337023653109.3771,CSI 300 Fixture,a_share
000300.SH,2025-02-05,3646.8854,3676.0605,3611.0017,3640.1227,92400000,336347337418.8289,CSI 300 Fixture,a_share
000300.SH,2025-02-06,3635.7534,3664.8395,3600.1659,3629.1995,92500000,335700955681.7510,CSI 300 Fixture,a_share
000300.SH,2025-02-07,3625.0664,3654.0670,3589.9159,3618.8668,92600000,335107064959.4268,CSI 300 Fixture,a_share
000300.SH,2025-02-10,3615.0608,3643.9813,3580.4771,3609.3519,92700000,334586920775.7157,CSI 300 Fixture,a_share
000300.SH,2025-02-11,3605.9561,3634.8038,3572.0556,3600.8625,92800000,334160036172.7066,CSI 300 Fixture,a_share
000300.SH,2025-02-12,3597.9503,3626.7339,3564.8334,3593.5821,92900000,333843776154.1265,CSI 300 Fixture,a_share
000300.SH,2025-02-13,3591.2159,3619.9456,3558.9653,3587.6666,93000000,333652995881.7872,CSI 300 Fixture,a_share
000300.SH,2025-02-14,3585.8963,3614.5835,3554.5750,3583.2409,93100000,333599730113.1196,CSI 300 Fixture,a_share
000300.SH,2025-02-17,3582.1031,3610.7599,3551.7532,3580.3964,93200000,333692940335.8405,CSI 300 Fixture,a_share
000300.SH,2025-02-18,3579.9134,3608.5527,3550.5554,3579.1889,93300000,333938324889.7560,CSI 300 Fixture,a_share
000300.SH,2025-02-19,3579.3686,3608.2752,3550.7336,3579.6381,93400000,334338196089.1506,CSI 300 Fixture,a_share
000300.SH,2025-02-20,3580.4734,3610.3803,3551.8297,3581.7265,93500000,334891426997.9749,CSI 300 Fixture,a_share
000300.SH,2025-02-21,3583.1960,3614.0835,3554.5305,3585.4003,93600000,335593469091.7505,CSI 300 Fixture,a_share
000300.SH,2025-02-24,3587.4683,3619.2949,3558.7686,3590.5703,93700000,336436440593.5854,CSI 300 Fixture,a_share
000300.SH,2025-02-25,3593.1878,3625.8908,3564.4423,3597.1139,93800000,337409283826.4215,CSI 300 Fixture,a_share
000300.SH,2025-02-26,3600.2193,3633.7164,3571.4175,3604.8774,93900000,338497988509.1390,CSI 300 Fixture,a_share
000300.SH,2025-02-27,3608.3983,3642.5890,3579.5311,3613.6795,94000000,339685876569.3583,CSI 300 Fixture,a_share
000300.SH,2025-02-28,3617.5337,3652.3015,3588.5935,3623.3150,94100000,340953942778.5040,CSI 300 Fixture,a_share
000300.SH,2025-03-03,3627.4126,3662.6273,3598.3933,3633.5589,94200000,342281244361.0071,CSI 300 Fixture,a_share
000300.SH,2025-03-04,3637.8037,3673.3244,3608.7013,3644.1711,94300000,343645331713.1913,CSI 300 Fixture,a_share
000300.SH,2025-03-05,3648.4633,3684.1408,3619.2756,3654.9016,94400000,345022711509.4968,CSI 300 Fixture,a_share
000300.SH,2025-03-06,3659.1392,3694.8195,3629.8661,3665.4956,94500000,346389332792.0712,CSI 300 Fixture,a_share
000300.SH,2025-03-07,3669.5768,3705.1042,3640.2202,3675.6986,94600000,347721086148.7127,CSI 300 Fixture,a_share
000300.SH,2025-03-10,3679.5239,3714.7440,3650.0877,3685.2619,94700000,348994305794.1077,CSI 300 Fixture,a_share
000300.SH,2025-03-11,3688.7363,3723.4995,3659.2264,3693.9479,94800000,350186264286.6276,CSI 300 Fixture,a_share
000300.SH,2025-03-12,3696.9827,3731.1470,3667.4068,3701.5348,94900000,351275649739.7578,CSI 300 Fixture,a_share
000300.SH,2025-03-13,3704.0493,3737.4838,3674.4170,3707.8212,95000000,352243015721.3897,CSI 300 Fixture,a_share
000300.SH,2025-03-14,3709.7451,3742.3319,3680.0671,3712.6309,95100000,353071194569.3371,CSI 300 Fixture,a_share
000300.SH,2025-03-17,3713.9048,3745.5423,3684.1936,3715.8158,95200000,353745665577.0341,CSI 300 Fixture,a_share
000300.SH,2025-03-18,3716.3935,3746.9980,3686.6623,3717.2599,95300000,354254870405.0430,CSI 300 Fixture,a_share
000300.SH,2025-03-19,3717.1084,3746.8453,3687.1462,3716.8812,95400000,354590469133.6918,CSI 300 Fixture,a_share
000300.SH,2025-03-20,3715.9823,3745.7101,3684.9168,3714.6338,95500000,354747531568.5947,CSI 300 Fixture,a_share
000300.SH,2025-03-21,3712.9839,3742.6878,3680.8249,3710.5090,95600000,354724659719.8416,CSI 300 Fixture,a_share
000300.SH,2025-03-24,3708.1196,3737.7845,3674.8991,3704.5354,95700000,354524038770.7867,CSI 300 Fixture,a_share
000300.SH,2025-03-25,3701.4328,3731.0443,3667.2046,3696.7789,95800000,354151415305.3367,CSI 300 Fixture,a_share
000300.SH,2025-03-26,3693.0037,3722.5478,3657.8423,3687.3410,95900000,353616003043.8813,CSI 300 Fixture,a_share
000300.SH,2025-03-27,3682.9476,3712.4112,3646.9466,3676.3575,96000000,352930317817.3631,CSI 300 Fixture,a_share
000300.SH,2025-03-28,3671.4126,3700.7839,3634.6833,3663.9953,96100000,352109944956.2333,CSI 300 Fixture,a_share
000300.SH,2025-03-31,3658.5770,3687.8456,3621.2459,3650.4495,96200000,351173243656.5893,CSI 300 Fixture,a_share
000300.SH,2025-04-01,3644.6456,3673.8028,3606.8522,3635.9397,96300000,350140994181.2112,CSI 300 Fixture,a_share
000300.SH,2025-04-02,3629.8460,3658.8847,3591.7397,3620.7053,96400000,349035994931.8968,CSI 300 Fixture,a_share
000300.SH,2025-04-03,3614.4237,3643.3391,3576.1612,3605.0012,96500000,347882617467.1122,CSI 300 Fixture,a_share
000300.SH,2025-04-04,3598.6377,3627.4268,3560.3797,3589.0924,96600000,346706328414.0763,CSI 300 Fixture,a_share
000300.SH,2025-04-07,3582.7551,3611.4171,3544.6631,3573.2491,96700000,345533187918.7628,CSI 300 Fixture,a_share
000300.SH,2025-04-08,3567.0459,3595.5823,3529.2791,3557.7411,96800000,344389334776.3932,CSI 300 Fixture,a_share
000300.SH,2025-04-09,3551.7776,3580.1919,3514.4898,3542.8325,96900000,343300468678.2181,CSI 300 Fixture,a_share
000300.SH,2025-04-10,3537.2102,3565.5079,3500.5465,3528.7767,97000000,342291340091.3184,CSI 300 Fixture,a_share
000300.SH,2025-04-11,3523.5905,3551.7792,3487.6846,3515.8111,97100000,341385258154.7279,CSI 300 Fixture,a_share
000300.SH,2025-04-14,3511.1477,3539.2369,3476.1193,3504.1525,97200000,340603626629.6429,CSI 300 Fixture,a_share
000300.SH,2025-04-15,3500.0887,3528.0894,3466.0410,3493.9930,97300000,339965517390.4839,CSI 300 Fixture,a_share
000300.SH,2025-04-16,3490.5941,3518.5189,3457.6118,3485.4958,97400000,339487290197.9048,CSI 300 Fixture,a_share
000300.SH,2025-04-17,3482.8145,3510.6770,3450.9621,3478.7925,97500000,339182266569.3462,CSI 300 Fixture,a_share
000300.SH,2025-04-18,3476.8676,3504.6825,3446.1883,3473.9802,97600000,339060464475.9106,CSI 300 Fixture,a_share
000300.SH,2025-04-21,3472.8360,3500.6187,3443.3508,3471.1197,97700000,339128399368.0530,CSI 300 Fixture,a_share
000300.SH,2025-04-22,3470.7657,3498.5319,3442.4728,3470.2347,97800000,339388955691.5718,CSI 300 Fixture,a_share
000300.SH,2025-04-23,3470.6652,3499.0813,3442.8998,3471.3108,97900000,339841331626.7968,CSI 300 Fixture,a_share
000300.SH,2025-04-24,3472.5051,3502.0909,3444.7251,3474.2965,98000000,340481058296.6612,CSI 300 Fixture,a_share
000300.SH,2025-04-25,3476.2195,3506.9367,3448.4097,3479.1039,98100000,341300093173.7743,CSI 300 Fixture,a_share
000300.SH,2025-04-28,3481.7067,3513.4957,3453.8530,3485.6109,98200000,342286985903.5352,CSI 300 Fixture,a_share
000300.SH,2025-04-29,3488.8319,3521.6127,3460.9212,3493.6634,98300000,343427113280.6381,CSI 300 Fixture,a_share
000300.SH,2025-04-30,3497.4297,3531.1037,3469.4502,3503.0791,98400000,344702978700.2892,CSI 300 Fixture,a_share
000300.SH,2025-05-01,3507.3076,3541.7597,3479.2492,3513.6505,98500000,346094570082.1074,CSI 300 Fixture,a_share
000300.SH,2025-05-02,3518.2502,3553.3510,3490.1042,3525.1498,98600000,347579769061.2112,CSI 300 Fixture,a_share
000300.SH,2025-05-05,3530.0232,3565.6320,3501.7830,3537.3334,98700000,349134803182.2158,CSI 300 Fixture,a_share
000300.SH,2025-05-06,3542.3787,3578.3463,3514.0397,3549.9467,98800000,350734731939.6614,CSI 300 Fixture,a_share
000300.SH,2025-05-07,3555.0598,3591.2314,3526.6194,3562.7296,98900000,352353956801.3287,CSI 300 Fixture,a_share
000300.SH,2025-05-08,3567.8064,3604.0250,3539.2640,3575.4217,99000000,353966744843.7564,CSI 300 Fixture,a_share
000300.SH,2025-05-09,3580.3600,3616.4696,3551.7171,3587.7675,99100000,355547755332.8160,CSI 300 Fixture,a_share
000300.SH,2025-05-12,3592.4692,3628.3179,3563.7294,3599.5218,99200000,357072558502.8945,CSI 300 Fixture,a_share
000300.SH,2025-05-13,3603.8949,3639.3382,3575.0637,3610.4545,99300000,358518135928.1287,CSI 300 Fixture,a_share
000300.SH,2025-05-14,3614.4150,3649.3185,3585.4997,3620.3557,99400000,359863352235.8091,CSI 300 Fixture,a_share
000300.SH,2025-05-15,3623.8290,3658.0714,3594.8384,3629.0391,99500000,361089388478.6855,CSI 300 Fixture,a_share
000300.SH,2025-05-16,3631.9621,3665.4374,3602.9064,3636.3467,99600000,362180128248.2888,CSI 300 Fixture,a_share
000300.SH,2025-05-19,3638.6685,3671.2886,3609.5592,3642.1513,99700000,363122488560.3301,CSI 300 Fixture,a_share
000300.SH,2025-05-20,3643.8346,3675.5305,3614.6840,3646.3596,99800000,363906688656.7219,CSI 300 Fixture,a_share
000300.SH,2025-05-21,3647.3811,3678.1047,3618.2021,3648.9134,99900000,364526451124.3896,CSI 300 Fixture,a_share
000300.SH,2025-05-22,3649.2646,3678.9896,3620.0705,3649.7913,100000000,364979131103.4501,CSI 300 Fixture,a_share
000300.SH,2025-05-23,3649.4783,3678.6741,3619.8166,3649.0087,100100000,365265770818.7524,CSI 300 Fixture,a_share
000300.SH,2025-05-26,3648.0522,3677.2367,3617.4446,3646.6175,100200000,365391078189.5230,CSI 300 Fixture,a_share
000300.SH,2025-05-27,3645.0526,3674.2130,3613.5635,3642.7052,100300000,365363329821.0312,CSI 300 Fixture,a_share
000300.SH,2025-05-28,3640.5801,3669.7047,3608.2933,3637.3924,100400000,365194200228.1988,CSI 300 Fixture,a_share
000300.SH,2025-05-29,3634.7679,3663.8460,3601.7844,3630.8311,100500000,364898520652.3608,CSI 300 Fixture,a_share
000300.SH,2025-05-30,3627.7788,3656.8011,3594.2149,3623.2005,100600000,364493972278.0217,CSI 300 Fixture,a_share
000300.SH,2025-06-02,3619.8020,3648.7604,3585.7866,3614.7043,100700000,364000720006.7861,CSI 300 Fixture,a_share
000300.SH,2025-06-03,3611.0487,3639.9371,3576.7209,3605.5654,100800000,363440994172.9391,CSI 300 Fixture,a_share
000300.SH,2025-06-04,3601.7481,3630.5621,3567.2539,3596.0221,100900000,362838628664.0786,CSI 300 Fixture,a_share
000300.SH,2025-06-05,3592.1422,3620.8794,3557.6318,3586.3224,101000000,362218564818.4686,CSI 300 Fixture,a_share
000300.SH,2025-06-06,3582.4812,3611.1411,3548.1056,3576.7194,101100000,361606331189.4858,CSI 300 Fixture,a_share
000300.SH,2025-06-09,3573.0178,3601.6020,3538.9258,3567.4655,101200000,361027509781.6223,CSI 300 Fixture,a_share
000300.SH,2025-06-10,3564.0023,3592.5143,3530.3370,3558.8075,101300000,360507199661.0992,CSI 300 Fixture,a_share
000300.SH,2025-06-11,3555.6770,3584.1224,3522.5733,3550.9812,101400000,360069488920.6911,CSI 300 Fixture,a_share
000300.SH,2025-06-12,3548.2712,3576.6574,3515.8527,3544.2064,101500000,359736945830.8716,CSI 300 Fixture,a_share
000300.SH,2025-06-13,3541.9968,3570.3328,3510.3730,3538.6825,101600000,359530139640.4246,CSI 300 Fixture,a_share
000300.SH,2025-06-16,3537.0431,3565.3395,3506.3074,3534.5841,101700000,359467200906.3107,CSI 300 Fixture,a_share
000300.SH,2025-06-17,3533.5734,3561.8419,3503.8008,3532.0573,101800000,359563430446.3236,CSI 300 Fixture,a_share
000300.SH,2025-06-18,3531.7210,3559.9747,3502.9668,3531.2165,101900000,359830965034.5576,CSI 300 Fixture,a_share
000300.SH,2025-06-19,3531.5868,3560.3994,3503.3341,3532.1422,102000000,360278506818.4302,CSI 300 Fixture,a_share
000300.SH,2025-06-20,3533.2368,3563.1578,3504.9709,3534.8788,102100000,360911122149.9429,CSI 300 Fixture,a_share
000300.SH,2025-06-23,3536.7007,3567.7491,3508.4071,3539.4336,102200000,361730114118.9538,CSI 300 Fixture,a_share
000300.SH,2025-06-24,3541.9709,3574.1431,3513.6351,3545.7768,102300000,362732971580.9504,CSI 300 Fixture,a_share
000300.SH,2025-06-25,3549.0028,3582.2725,3520.6108,3553.8418,102400000,363913395916.4659,CSI 300 Fixture,a_share
000300.SH,2025-06-26,3557.7154,3592.0341,3529.2537,3563.5259,102500000,365261405175.5186,CSI 300 Fixture,a_share
000300.SH,2025-06-27,3567.9928,3603.2907,3539.4488,3574.6931,102600000,366763513680.5345,CSI 300 Fixture,a_share
000300.SH,2025-06-30,3579.6863,3615.8735,3551.0488,3587.1761,102700000,368402983617.4005,CSI 300 Fixture,a_share
000300.SH,2025-07-01,3592.6175,3629.5858,3563.8766,3600.7796,102800000,370160143668.1553,CSI 300 Fixture,a_share
000300.SH,2025-07-02,3606.5815,3644.2067,3577.7289,3615.2844,102900000,372012768360.6367,CSI 300 Fixture,a_share
000300.SH,2025-07-03,3621.3513,3659.4952,3592.3805,3630.4516,103000000,373936510558.4755,CSI 300 Fixture,a_share
000300.SH,2025-07-04,3636.6817,3675.1952,3607.5883,3646.0269,103100000,375905378414.9559,CSI 300 Fixture,a_share
000300.SH,2025-07-07,3652.3148,3691.0406,3623.0963,3661.7466,103200000,377892247189.2134,CSI 300 Fixture,a_share
000300.SH,2025-07-08,3667.9846,3706.7604,3638.6407,3677.3417,103300000,379869395592.2043,CSI 300 Fixture,a_share
000300.SH,2025-07-09,3683.4226,3722.0844,3653.9553,3692.5441,103400000,381809055808.1923,CSI 300 Fixture,a_share
000300.SH,2025-07-10,3698.3630,3736.7482,3668.7761,3707.0915,103500000,383683966036.1835,CSI 300 Fixture,a_share
000300.SH,2025-07-11,3712.5480,3750.4986,3682.8476,3720.7328,103600000,385467914321.3890,CSI 300 Fixture,a_share
000300.SH,2025-07-14,3725.7329,3763.0989,3695.9270,3733.2330,103700000,387136262601.3845,CSI 300 Fixture,a_share
000300.SH,2025-07-15,3737.6910,3774.3331,3707.7895,3744.3780,103800000,388666440272.4172,CSI 300 Fixture,a_share
000300.SH,2025-07-16,3748.2183,3784.0106,3718.2326,3753.9788,103900000,390038397181.0001,CSI 300 Fixture,a_share
000300.SH,2025-07-17,3757.1373,3791.9701,3727.0802,3761.8751,104000000,391235006752.6760,CSI 300 Fixture,a_share
000300.SH,2025-07-18,3764.3005,3798.0821,3734.1861,3767.9386,104100000,392242410967.6004,CSI 300 Fixture,a_share
000300.SH,2025-07-21,3769.5935,3802.2524,3739.4368,3772.0758,104200000,393050300061.3637,CSI 300 Fixture,a_share
000300.SH,2025-07-22,3772.9372,3804.4232,3742.7537,3774.2293,104300000,393652121145.7556,CSI 300 Fixture,a_share
000300.SH,2025-07-23,3774.2894,3804.5745,3744.0951,3774.3794,104400000,394045211381.3677,CSI 300 Fixture,a_share
000300.SH,2025-07-24,3773.6453,3803.8344,3742.3637,3772.5440,104500000,394230852862.9553,CSI 300 Fixture,a_share
000300.SH,2025-07-25,3771.0379,3801.2062,3738.6284,3768.7787,104600000,394214247968.3108,CSI 300 Fixture,a_share
000300.SH,2025-07-28,3766.5372,3796.6695,3733.0695,3763.1749,104700000,394004415539.6995,CSI 300 Fixture,a_share
000300.SH,2025-07-29,3760.2485,3790.3305,3725.8120,3755.8589,104800000,393614009880.7285,CSI 300 Fixture,a_share
000300.SH,2025-07-30,3752.3106,3782.3291,3717.0123,3746.9882,104900000,393059066127.8988,CSI 300 Fixture,a_share
000300.SH,2025-07-31,3742.8927,3772.8358,3706.8553,3736.7493,105000000,392358677062.8145,CSI 300 Fixture,a_share
000300.SH,2025-08-01,3732.1908,3762.0483,3695.5502,3725.3531,105100000,391534607837.1910,CSI 300 Fixture,a_share
000300.SH,2025-08-04,3720.4242,3750.1876,3683.3267,3713.0310,105200000,390610856359.5535,CSI 300 Fixture,a_share
000300.SH,2025-08-05,3707.8306,3737.4933,3670.4298,3700.0301,105300000,389613168213.5360,CSI 300 Fixture,a_share
000300.SH,2025-08-06,3694.6614,3724.2187,3657.1154,3686.6083,105400000,388568515919.8230,CSI 300 Fixture,a_share
000300.SH,2025-08-07,3681.1766,3710.6260,3643.6447,3673.0289,105500000,387504553097.4442,CSI 300 Fixture,a_share
000300.SH,2025-08-08,3667.6395,3696.9807,3630.2790,3659.5554,105600000,386449054609.8148,CSI 300 Fixture,a_share
000300.SH,2025-08-11,3654.3117,3683.5462,3617.2745,3646.4461,105700000,385429354085.3703,CSI 300 Fixture,a_share
000300.SH,2025-08-12,3641.4472,3670.5788,3604.8773,3633.9489,105800000,384471790275.2708,CSI 300 Fixture,a_share
000300.SH,2025-08-13,3629.2878,3658.3221,3593.3179,3622.2963,105900000,383601173549.5088,CSI 300 Fixture,a_share
000300.SH,2025-08-14,3618.0581,3647.0025,3582.8072,3611.7008,106000000,382840283440.7183,CSI 300 Fixture,a_share
000300.SH,2025-08-15,3607.9607,3636.8244,3573.5319,3602.3507,106100000,382209407529.6087,CSI 300 Fixture,a_share
000300.SH,2025-08-18,3599.1729,3627.9662,3565.6509,3594.4061,106200000,381725931139.3845,CSI 300 Fixture,a_share
000300.SH,2025-08-19,3591.8421,3620.5769,3559.2921,3587.9961,106300000,381403986285.2466,CSI 300 Fixture,a_share
000300.SH,2025-08-20,3586.0840,3614.7727,3554.5501,3583.2159,106400000,381254167129.5679,CSI 300 Fixture,a_share
000300.SH,2025-08-21,3581.9795,3610.6354,3551.4840,3580.1251,106500000,381283317847.6874,CSI 300 Fixture,a_share
000300.SH,2025-08-22,3579.5737,3608.2103,3550.1167,3578.7467,106600000,381494397340.6567,CSI 300 Fixture,a_share
000300.SH,2025-08-25,3578.8747,3607.6993,3550.2437,3579.0668,106700000,381886423669.4364,CSI 300 Fixture,a_share
000300.SH,2025-08-26,3579.8539,3609.6829,3551.2151,3581.0346,106800000,382454499461.7024,CSI 300 Fixture,a_share
000300.SH,2025-08-27,3582.4465,3613.2408,3553.7869,3584.5642,106900000,383189917890.5867,CSI 300 Fixture,a_share
000300.SH,2025-08-28,3586.5529,3618.2522,3557.8605,3589.5360,107000000,384080347178.0152,CSI 300 Fixture,a_share
000300.SH,2025-08-29,3592.0412,3624.5656,3563.3049,3595.7992,107100000,385110089967.4373,CSI 300 Fixture,a_share
000300.SH,2025-09-01,3598.7497,3632.0009,3569.9597,3603.1755,107200000,386260412374.5556,CSI 300 Fixture,a_share
000300.SH,2025-09-02,3606.4903,3640.3543,3577.6384,3611.4626,107300000,387509936091.6537,CSI 300 Fixture,a_share
000300.SH,2025-09-03,3615.0529,3649.4019,3586.1325,3620.4384,107400000,388835085620.7231,CSI 300 Fixture,a_share
000300.SH,2025-09-04,3624.2094,3658.9048,3595.2157,3629.8659,107500000,390210581569.5992,CSI 300 Fixture,a_share
000300.SH,2025-09-05,3633.7187,3668.6138,3604.6489,3639.4979,107600000,391609969987.3204,CSI 300 Fixture,a_share
000300.SH,2025-09-08,3643.3317,3678.2751,3614.1850,3649.0824,107700000,393006176959.8100,CSI 300 Fixture,a_share
000300.SH,2025-09-09,3652.7967,3687.6350,3623.5743,3658.3681,107800000,394372077150.5488,CSI 300 Fixture,a_share
000300.SH,2025-09-10,3661.8645,3696.4459,3632.5695,3667.1090,107900000,395681064664.5110,CSI 300 Fixture,a_share
000852.SH,2025-01-02,5666.4528,5812.2611,5621.1212,5766.1320,90000000,518951882894.7968,CSI 1000 Fixture,a_share
000852.SH,2025-01-03,5771.8691,5826.7185,5725.6941,5780.4747,90100000,520820771173.3981,CSI 1000 Fixture,a_share
000852.SH,2025-01-06,5785.1151,5838.4124,5738.8342,5792.0758,90200000,522445234291.6888,CSI 1000 Fixture,a_share
000852.SH,2025-01-07,5795.5578,5847.1871,5749.1933,5800.7808,90300000,523810508756.6555,CSI 1000 Fixture,a_share
000852.SH,2025-01-08,5803.0652,5852.9436,5756.6407,5806.4917,90400000,524906850294.2922,CSI 1000 Fixture,a_share
000852.SH,2025-01-09,5807.5623,5855.6416,5761.1018,5809.1682,90500000,525729724086.4811,CSI 1000 Fixture,a_share
000852.SH,2025-01-10,5809.0325,5855.5047,5762.3582,5808.8288,90600000,526279889783.7479,CSI 1000 Fixture,a_share
000852.SH,2025-01-13,5807.5173,5853.9774,5759.1055,5805.5499,90700000,526563379380.4725,CSI 1000 Fixture,a_share
000852.SH,2025-01-14,5803.1157,5849.5407,5753.0687,5799.4644,90800000,526591368220.0081,CSI 1000 Fixture,a_share
000852.SH,2025-01-15,5795.9820,5842.3499,5744.4324,5790.7584,90900000,526379941577.2334,CSI 1000 Fixture,a_share
000852.SH,2025-01-16,5786.3221,5832.6127,5733.4304,5779.6677,91000000,525949761400.8264,CSI 1000 Fixture,a_share
000852.SH,2025-01-17,5774.3896,5820.5847,5720.3407,5766.4724,91100000,525325639843.3292,CSI 1000 Fixture,a_share
000852.SH,2025-01-20,5760.4801,5806.5639,5705.4796,5751.4915,91200000,524536028121.8940,CSI 1000 Fixture,a_share
000852.SH,2025-01-21,5744.9253,5790.8847,5689.1953,5735.0759,91300000,523612430997.1126,CSI 1000 Fixture,a_share
000852.SH,2025-01-22,5728.0861,5773.9108,5671.8605,5717.6013,91400000,522588758695.5180,CSI 1000 Fixture,a_share
000852.SH,2025-01-23,5710.3450,5756.0277,5653.8647,5699.4604,91500000,521500629401.3897,CSI 1000 Fixture,a_share
000852.SH,2025-01-24,5692.0983,5737.6350,5635.6065,5681.0550,91600000,520384636478.3016,CSI 1000 Fixture,a_share
000852.SH,2025-01-27,5673.7479,5719.1379,5617.4850,5662.7873,91700000,519277595328.7607,CSI 1000 Fixture,a_share
000852.SH,2025-01-28,5655.6932,5700.9388,5599.8917,5645.0521,91800000,518215785245.3782,CSI 1000 Fixture,a_share
000852.SH,2025-01-29,5638.3227,5683.4293,5583.2027,5628.2285,91900000,517234201739.5618,CSI 1000 Fixture,a_share
000852.SH,2025-01-30,5622.0060,5666.9820,5567.7707,5612.6721,92000000,516365834650.3495,CSI 1000 Fixture,a_share
000852.SH,2025-01-31,5607.0864,5651.9431,5553.9181,5598.7078,92100000,515640986839.7789,CSI 1000 Fixture,a_share
000852.SH,2025-02-03,5593.8739,5638.6249,5541.9301,5586.6231,92200000,515086647481.5458,CSI 1000 Fixture,a_share
000852.SH,2025-02-04,5582.6388,5627.2999,5532.0490,5576.6623,92300000,514725932862.3745,CSI 1000 Fixture,a_share
000852.SH,2025-02-05,5573.6061,5618.1949,5524.4695,5569.0217,92400000,514577606262.0182,CSI 1000 Fixture,a_share
000852.SH,2025-02-06,5566.9511,5611.4867,5519.3345,5563.8453,92500000,514655686885.2700,CSI 1000 Fixture,a_share
000852.SH,2025-02-07,5562.7960,5607.2983,5516.7322,5561.2220,92600000,514969156019.7315,CSI 1000 Fixture,a_share
000852.SH,2025-02-10,5561.2068,5605.6965,5516.6946,5561.1841,92700000,515521766622.7220,CSI 1000 Fixture,a_share
000852.SH,2025-02-11,5562.1931,5608.2161,5517.6955,5563.7065,92800000,516311960439.4335,CSI 1000 Fixture,a_share
000852.SH,2025-02-12,5565.7067,5613.2568,5521.1811,5568.7072,92900000,517332894564.9121,CSI 1000 Fixture,a_share
000852.SH,2025-02-13,5571.6440,5620.6576,5527.0708,5576.0492,93000000,518572577129.1709,CSI 1000 Fixture,a_share
000852.SH,2025-02-14,5579.8470,5630.2280,5535.2082,5585.5436,93100000,520014109553.2415,CSI 1000 Fixture,a_share
000852.SH,2025-02-17,5590.1074,5641.7287,5545.3866,5596.9531,93200000,521636030639.8057,CSI 1000 Fixture,a_share
000852.SH,2025-02-18,5602.1708,5654.8774,5557.3535,5609.9974,93300000,523412755669.9374,CSI 1000 Fixture,a_share
000852.SH,2025-02-19,5615.7419,5669.3536,5570.8160,5624.3587,93400000,525315101720.3283,CSI 1000 Fixture,a_share
000852.SH,2025-02-20,5630.4907,5684.8062,5585.4467,5639.6886,93500000,527310888633.4451,CSI 1000 Fixture,a_share
000852.SH,2025-02-21,5646.0594,5700.8603,5600.8909,5655.6154,93600000,529365603503.1151,CSI 1000 Fixture,a_share
000852.SH,2025-02-24,5662.0699,5717.1255,5616.7733,5671.7515,93700000,531443115212.5887,CSI 1000 Fixture,a_share
000852.SH,2025-02-25,5678.1316,5733.2034,5632.7065,5687.7018,93800000,533506424508.7719,CSI 1000 Fixture,a_share
000852.SH,2025-02-26,5693.8497,5748.6963,5648.2989,5703.0717,93900000,535518434337.1407,CSI 1000 Fixture,a_share
000852.SH,2025-02-27,5708.8333,5763.2156,5663.1627,5717.4758,94000000,537442724713.0034,CSI 1000 Fixture,a_share
000852.SH,2025-02-28,5722.7036,5776.3897,5676.9220,5730.5453,94100000,539244316276.0583,CSI 1000 Fixture,a_share
000852.SH,2025-03-03,5735.1018,5787.8719,5689.2209,5741.9364,94200000,540890406869.9716,CSI 1000 Fixture,a_share
000852.SH,2025-03-04,5745.6966,5797.3476,5699.7310,5751.3369,94300000,542351066003.6359,CSI 1000 Fixture,a_share
000852.SH,2025-03-05,5754.1914,5804.5410,5708.1579,5758.4732,94400000,543599872876.0912,CSI 1000 Fixture,a_share
000852.SH,2025-03-06,5760.3304,5809.2212,5714.2478,5763.1162,94500000,544614484766.5652,CSI 1000 Fixture,a_share
000852.SH,2025-03-07,5763.9041,5811.2066,5717.7929,5765.0859,94600000,545377123982.5312,CSI 1000 Fixture,a_share
000852.SH,2025-03-10,5764.7536,5810.8717,5718.1412,5764.2553,94700000,545874973194.2468,CSI 1000 Fixture,a_share
000852.SH,2025-03-11,5762.7746,5808.8767,5714.4691,5760.5535,94800000,546100470831.0449,CSI 1000 Fixture,a_share
000852.SH,2025-03-12,5757.9190,5803.9824,5707.9356,5753.9673,94900000,546051500235.4875,CSI 1000 Fixture,a_share
000852.SH,2025-03-13,5750.1971,5796.1987,5698.5854,5744.5418,95000000,545731468425.4259,CSI 1000 Fixture,a_share
000852.SH,2025-03-14,5739.6768,5785.5942,5686.5203,5732.3793,95100000,545149272557.3962,CSI 1000 Fixture,a_share
000852.SH,2025-03-17,5726.4829,5772.2947,5671.8971,5717.6382,95200000,544319154471.9847,CSI 1000 Fixture,a_share
000852.SH,2025-03-18,5710.7946,5756.4810,5654.9251,5700.5293,95300000,543260445986.2304,CSI 1000 Fixture,a_share
000852.SH,2025-03-19,5692.8426,5738.3853,5635.8620,5681.3125,95400000,541997209833.1541,CSI 1000 Fixture,a_share
000852.SH,2025-03-20,5672.9039,5718.2871,5615.0086,5660.2909,95500000,540557783288.3941,CSI 1000 Fixture,a_share
000852.SH,2025-03-21,5651.2969,5696.5072,5592.7033,5637.8058,95600000,538974233524.7770,CSI 1000 Fixture,a_share
000852.SH,2025-03-24,5628.3752,5673.4022,5569.3154,5614.2292,95700000,537281735556.3642,CSI 1000 Fixture,a_share
000852.SH,2025-03-25,5604.5203,5649.3565,5545.2374,5589.9570,95800000,535517885236.4993,CSI 1000 Fixture,a_share
000852.SH,2025-03-26,5580.1347,5624.7757,5520.8778,5565.4011,95900000,533721961126.4942,CSI 1000 Fixture,a_share
000852.SH,2025-03-27,5555.6329,5600.0780,5496.6529,5540.9807,96000000,531934150124.6835,CSI 1000 Fixture,a_share
000852.SH,2025-03-28,5531.4344,5575.6859,5472.9781,5517.1150,96100000,530194752517.1750,CSI 1000 Fixture,a_share
000852.SH,2025-03-31,5507.9546,5552.0182,5450.2602,5494.2140,96200000,528543382565.3220,CSI 1000 Fixture,a_share
000852.SH,2025-04-01,5485.5966,5529.4814,5428.8893,5472.6706,96300000,527018180870.8487,CSI 1000 Fixture,a_share
000852.SH,2025-04-02,5464.7437,5508.4616,5409.2304,5452.8533,96400000,525655054554.3837,CSI 1000 Fixture,a_share
000852.SH,2025-04-03,5445.7512,5489.3172,5391.6173,5435.0980,96500000,524486960750.4210,CSI 1000 Fixture,a_share
000852.SH,2025-04-04,5428.9398,5472.3713,5376.3447,5419.7024,96600000,523543248071.6093,CSI 1000 Fixture,a_share
000852.SH,2025-04-07,5414.5890,5457.9057,5363.6637,5406.9190,96700000,522849069544.4706,CSI 1000 Fixture,a_share
000852.SH,2025-04-08,5402.9319,5446.1554,5353.7756,5396.9512,96800000,522424879090.0205,CSI 1000 Fixture,a_share
000852.SH,2025-04-09,5394.1502,5437.3034,5346.8290,5389.9486,96900000,522286021944.9047,CSI 1000 Fixture,a_share
000852.SH,2025-04-10,5388.3709,5431.4779,5342.9164,5386.0044,97000000,522442427525.2920,CSI 1000 Fixture,a_share
000852.SH,2025-04-11,5385.6641,5428.7494,5342.0723,5385.1536,97100000,522898411165.0869,CSI 1000 Fixture,a_share
000852.SH,2025-04-14,5386.0411,5430.4713,5342.9527,5387.3723,97200000,523652588953.9330,CSI 1000 Fixture,a_share
000852.SH,2025-04-15,5389.4549,5435.7193,5346.3392,5392.5787,97300000,524697907603.7248,CSI 1000 Fixture,a_share
000852.SH,2025-04-16,5395.8010,5443.8395,5352.6346,5400.6344,97400000,526021788931.6174,CSI 1000 Fixture,a_share
000852.SH,2025-04-17,5404.9197,5454.6383,5361.6803,5411.3476,97500000,527606386210.5066,CSI 1000 Fixture,a_share
000852.SH,2025-04-18,5416.5993,5467.8727,5373.2665,5424.4769,97600000,529428947352.3551,CSI 1000 Fixture,a_share
000852.SH,2025-04-21,5430.5808,5483.2546,5387.1362,5439.7367,97700000,531462277702.3049,CSI 1000 Fixture,a_share
000852.SH,2025-04-22,5446.5631,5500.4570,5402.9906,5456.8026,97800000,533675293177.1053,CSI 1000 Fixture,a_share
000852.SH,2025-04-23,5464.2088,5519.1208,5420.4952,5475.3182,97900000,536033652621.9975,CSI 1000 Fixture,a_share
000852.SH,2025-04-24,5483.1520,5538.8618,5439.2868,5494.9026,98000000,538500456624.1753,CSI 1000 Fixture,a_share
000852.SH,2025-04-25,5503.0048,5559.2793,5458.9807,5515.1580,98100000,541036998642.1046,CSI 1000 Fixture,a_share
000852.SH,2025-04-28,5523.3659,5579.9632,5479.1790,5535.6777,98200000,543603553217.0244,CSI 1000 Fixture,a_share
000852.SH,2025-04-29,5543.8286,5600.5032,5499.4779,5556.0548,98300000,546160185248.7255,CSI 1000 Fixture,a_share
000852.SH,2025-04-30,5563.9888,5620.4970,5519.4769,5575.8899,98400000,548667563858.8513,CSI 1000 Fixture,a_share
000852.SH,2025-05-01,5583.4538,5639.5580,5538.7862,5594.7996,98500000,551087764241.5048,CSI 1000 Fixture,a_share
000852.SH,2025-05-02,5601.8495,5657.3237,5557.0347,5612.4244,98600000,553385041116.0681,CSI 1000 Fixture,a_share
000852.SH,2025-05-05,5618.8287,5673.4627,5573.8781,5628.4352,98700000,555526557947.1234,CSI 1000 Fixture,a_share
000852.SH,2025-05-06,5634.0776,5687.6814,5589.0049,5642.5411,98800000,557483056970.6758,CSI 1000 Fixture,a_share
000852.SH,2025-05-07,5647.3222,5699.7299,5602.1437,5654.4940,98900000,559229456247.2711,CSI 1000 Fixture,a_share
000852.SH,2025-05-08,5658.3342,5709.4073,5613.0675,5664.0946,99000000,560745361427.6384,CSI 1000 Fixture,a_share
000852.SH,2025-05-09,5666.9350,5716.5651,5621.5995,5671.1956,99100000,562015481635.7555,CSI 1000 Fixture,a_share
000852.SH,2025-05-12,5672.9994,5721.1107,5627.6154,5675.7050,99200000,563029940813.2010,CSI 1000 Fixture,a_share
000852.SH,2025-05-13,5676.4582,5723.0086,5631.0465,5677.5879,99300000,563784477988.1447,CSI 1000 Fixture,a_share
000852.SH,2025-05-14,5677.2993,5722.7177,5631.4516,5676.8665,99400000,564280532189.4303,CSI 1000 Fixture,a_share
000852.SH,2025-05-15,5675.5680,5720.9725,5628.2312,5673.6202,99500000,564525210075.1377,CSI 1000 Fixture,a_share
000852.SH,2025-05-16,5671.3654,5716.7364,5622.6394,5667.9833,99600000,564531136737.9698,CSI 1000 Fixture,a_share
000852.SH,2025-05-19,5664.8469,5710.1657,5614.8612,5660.1424,99700000,564316192538.0613,CSI 1000 Fixture,a_share
000852.SH,2025-05-20,5656.2182,5701.4680,5605.1294,5650.3321,99800000,563903141148.5580,CSI 1000 Fixture,a_share
000852.SH,2025-05-21,5645.7314,5690.8973,5593.7197,5638.8304,99900000,563319156232.8126,CSI 1000 Fixture,a_share
000852.SH,2025-05-22,5633.6793,5678.7487,5580.9449,5625.9526,100000000,562595256258.4642,CSI 1000 Fixture,a_share
000852.SH,2025-05-23,5620.3894,5665.3525,5567.1482,5612.0445,100100000,561765658850.1481,CSI 1000 Fixture,a_share
000852.SH,2025-05-26,5606.2170,5651.0668,5552.6959,5597.4757,100200000,560867067750.0027,CSI 1000 Fixture,a_share
000852.SH,2025-05-27,5591.5379,5636.2702,5537.9701,5582.6312,100300000,559937906858.9998,CSI 1000 Fixture,a_share
000852.SH,2025-05-28,5576.7401,5621.3540,5523.3603,5567.9036,100400000,559017516943.2590,CSI 1000 Fixture,a_share
000852.SH,2025-05-29,5562.2161,5606.7138,5509.2554,5553.6849,100500000,558145331384.6106,CSI 1000 Fixture,a_share
000852.SH,2025-05-30,5548.3543,5592.7411,5496.0355,5540.3583,100600000,557360047816.9088,CSI 1000 Fixture,a_share
000852.SH,2025-06-02,5535.5310,5579.8153,5484.0638,5528.2901,100700000,556698812608.8496,CSI 1000 Fixture,a_share
000852.SH,2025-06-03,5524.1028,5568.2956,5473.6792,5517.8218,100800000,556196434927.1962,CSI 1000 Fixture,a_share
000852.SH,2025-06-04,5514.3983,5558.5135,5465.1890,5509.2631,100900000,555884646545.2976,CSI 1000 Fixture,a_share
000852.SH,2025-06-05,5506.7120,5550.7657,5458.8623,5502.8854,101000000,555791422661.5411,CSI 1000 Fixture,a_share
000852.SH,2025-06-06,5501.2975,5545.3079,5454.9244,5498.9157,101100000,555940377778.6031,CSI 1000 Fixture,a_share
000852.SH,2025-06-09,5498.3623,5542.3492,5453.5518,5497.5321,101200000,556350249191.2327,CSI 1000 Fixture,a_share
000852.SH,2025-06-10,5498.0631,5542.8505,5454.0786,5498.8596,101300000,557034478867.8926,CSI 1000 Fixture,a_share
000852.SH,2025-06-11,5500.5028,5546.9912,5456.4987,5502.9675,101400000,558000902525.3829,CSI 1000 Fixture,a_share
000852.SH,2025-06-12,5505.7275,5553.9465,5461.6817,5509.8675,101500000,559251552525.6475,CSI 1000 Fixture,a_share
000852.SH,2025-06-13,5513.7259,5563.6697,5469.6161,5519.5136,101600000,560782578914.2733,CSI 1000 Fixture,a_share
000852.SH,2025-06-16,5524.4290,5576.0567,5480.2336,5531.8023,101700000,562584290517.5781,CSI 1000 Fixture,a_share
000852.SH,2025-06-17,5537.7113,5590.9474,5493.4096,5546.5748,101800000,564641315568.5078,CSI 1000 Fixture,a_share
000852.SH,2025-06-18,5553.3929,5608.1290,5508.9657,5563.6200,101900000,566932878890.6957,CSI 1000 Fixture,a_share
000852.SH,2025-06-19,5571.2433,5627.3398,5526.6734,5582.6783,102000000,569433190284.7838,CSI 1000 Fixture,a_share
000852.SH,2025-06-20,5590.9858,5648.2746,5546.2579,5603.4470,102100000,572111936480.2848,CSI 1000 Fixture,a_share
000852.SH,2025-06-23,5612.3025,5670.5905,5567.4041,5625.5858,102200000,574934866886.6244,CSI 1000 Fixture,a_share
000852.SH,2025-06-24,5634.8411,5693.9138,5589.7623,5648.7240,102300000,577864461442.3135,CSI 1000 Fixture,a_share
000852.SH,2025-06-25,5658.2214,5717.8472,5612.9556,5672.4675,102400000,580860667161.3379,CSI 1000 Fixture,a_share
000852.SH,2025-06-26,5682.0432,5741.9780,5636.5868,5696.4067,102500000,583881688545.9714,CSI 1000 Fixture,a_share
000852.SH,2025-06-27,5705.8940,5765.8859,5660.2468,5720.1249,102600000,586884815905.0358,CSI 1000 Fixture,a_share
000852.SH,2025-06-30,5729.3574,5789.1518,5683.5226,5743.2062,102700000,589827274809.8079,CSI 1000 Fixture,a_share
000852.SH,2025-07-01,5752.0213,5811.3659,5706.0051,5765.2440,102800000,592667079453.4155,CSI 1000 Fixture,a_share
000852.SH,2025-07-02,5773.4860,5832.1359,5727.2981,5785.8491,102900000,595363872563.8397,CSI 1000 Fixture,a_share
000852.SH,2025-07-03,5793.3725,5851.0949,5747.0255,5804.6576,103000000,597879734758.6425,CSI 1000 Fixture,a_share
000852.SH,2025-07-04,5811.3298,5867.9087,5764.8391,5821.3380,103100000,600179946817.0514,CSI 1000 Fixture,a_share
000852.SH,2025-07-07,5827.0419,5882.2825,5780.4256,5835.5978,103200000,602233689270.7968,CSI 1000 Fixture,a_share
000852.SH,2025-07-08,5840.2344,5893.9669,5793.5125,5847.1894,103300000,604014664960.8531,CSI 1000 Fixture,a_share
000852.SH,2025-07-09,5850.6797,5902.7625,5803.8743,5855.9152,103400000,605501631748.2061,CSI 1000 Fixture,a_share
000852.SH,2025-07-10,5858.2016,5908.5243,5811.3360,5861.6312,103500000,606678834372.0538,CSI 1000 Fixture,a_share
000852.SH,2025-07-11,5862.6789,5911.1643,5815.7774,5864.2503,103600000,607536326482.1765,CSI 1000 Fixture,a_share
000852.SH,2025-07-14,5864.0475,5910.9598,5816.8333,5863.7433,103700000,608070176092.4541,CSI 1000 Fixture,a_share
000852.SH,2025-07-15,5862.3020,5909.2004,5813.2591,5860.1402,103800000,608282550064.8090,CSI 1000 Fixture,a_share
000852.SH,2025-07-16,5857.4958,5904.3557,5806.7009,5853.5291,103900000,608181675689.2058,CSI 1000 Fixture,a_share
000852.SH,2025-07-17,5849.7393,5896.5372,5797.3022,5844.0546,104000000,607781679925.8541,CSI 1000 Fixture,a_share
000852.SH,2025-07-18,5839.1986,5885.9122,5785.2593,5831.9146,104100000,607102309369.4626,CSI 1000 Fixture,a_share
000852.SH,2025-07-21,5826.0913,5872.7000,5770.8175,5817.3564,104200000,606168536431.4152,CSI 1000 Fixture,a_share
000852.SH,2025-07-22,5810.6825,5857.1680,5754.2663,5800.6717,104300000,605010059564.2351,CSI 1000 Fixture,a_share
000852.SH,2025-07-23,5793.2793,5839.6255,5735.9332,5782.1907,104400000,603660707525.9690,CSI 1000 Fixture,a_share
000852.SH,2025-07-24,5774.2245,5820.4183,5716.1770,5762.2752,104500000,602157759655.5170,CSI 1000 Fixture,a_share
000852.SH,2025-07-25,5753.8898,5799.9209,5695.3811,5741.3116,104600000,600541195862.7981,CSI 1000 Fixture,a_share
000852.SH,2025-07-28,5732.6681,5778.5295,5673.9453,5719.7029,104700000,598852891494.1702,CSI 1000 Fixture,a_share
000852.SH,2025-07-29,5710.9659,5756.6536,5652.2775,5697.8604,104800000,597135773383.4611,CSI 1000 Fixture,a_share
000852.SH,2025-07-30,5689.1946,5734.7082,5630.7864,5676.1959,104900000,595432954218.2847,CSI 1000 Fixture,a_share
000852.SH,2025-07-31,5667.7628,5713.1049,5609.8721,5655.1130,105000000,593786862822.6508,CSI 1000 Fixture,a_share
000852.SH,2025-08-01,5647.0674,5692.2439,5589.9189,5634.9989,105100000,592238388069.9797,CSI 1000 Fixture,a_share
000852.SH,2025-08-04,5627.4863,5672.5061,5571.2875,5616.2172,105200000,590826053892.5016,CSI 1000 Fixture,a_share
000852.SH,2025-08-05,5609.3704,5654.2454,5554.3073,5599.1001,105300000,589585242248.0547,CSI 1000 Fixture,a_share
000852.SH,2025-08-06,5593.0368,5637.7811,5539.2704,5583.9419,105400000,588547479955.1781,CSI 1000 Fixture,a_share
000852.SH,2025-08-07,5578.7625,5623.3926,5526.4255,5570.9934,105500000,587739804030.8475,CSI 1000 Fixture,a_share
000852.SH,2025-08-08,5566.7787,5611.3129,5515.9730,5560.4566,105600000,587184218587.7025,CSI 1000 Fixture,a_share
000852.SH,2025-08-11,5557.2664,5601.7245,5508.0613,5552.4811,105700000,586897254500.7627,CSI 1000 Fixture,a_share
000852.SH,2025-08-12,5550.3531,5594.7559,5502.7838,5547.1611,105800000,586889640974.6437,CSI 1000 Fixture,a_share
000852.SH,2025-08-13,5546.1100,5590.4789,5500.1772,5544.5335,105900000,587166095873.1439,CSI 1000 Fixture,a_share
000852.SH,2025-08-14,5544.5512,5588.9344,5500.1948,5544.5777,106000000,587725239259.7509,CSI 1000 Fixture,a_share
000852.SH,2025-08-15,5545.6331,5591.5939,5501.2680,5547.2161,106100000,588559632089.0953,CSI 1000 Fixture,a_share
000852.SH,2025-08-18,5549.2560,5596.7343,5504.8620,5552.3158,106200000,589655939436.6866,CSI 1000 Fixture,a_share
000852.SH,2025-08-19,5555.2661,5604.1691,5510.8240,5559.6916,106300000,590995215109.4114,CSI 1000 Fixture,a_share
000852.SH,2025-08-20,5563.4589,5613.6629,5518.9513,5569.1100,106400000,592553301994.2435,CSI 1000 Fixture,a_share
000852.SH,2025-08-21,5573.5837,5624.9366,5528.9950,5580.2943,106500000,594301340128.2084,CSI 1000 Fixture,a_share
000852.SH,2025-08-22,5585.3487,5637.6738,5540.6659,5592.9303,106600000,596206372257.5587,CSI 1000 Fixture,a_share
000852.SH,2025-08-25,5598.4275,5651.5266,5553.6401,5606.6732,106700000,598232034643.8656,CSI 1000 Fixture,a_share
000852.SH,2025-08-26,5612.4658,5666.1239,5567.5661,5621.1547,106800000,600339319110.7007,CSI 1000 Fixture,a_share
000852.SH,2025-08-27,5627.0890,5681.0785,5582.0723,5635.9906,106900000,602487390843.2874,CSI 1000 Fixture,a_share
000852.SH,2025-08-28,5641.9100,5695.9955,5596.7747,5650.7892,107000000,604634445285.6528,CSI 1000 Fixture,a_share
000852.SH,2025-08-29,5656.5373,5710.4808,5611.2850,5665.1595,107100000,606738586649.8839,CSI 1000 Fixture,a_share
000852.SH,2025-09-01,5670.5834,5724.1491,5625.2188,5678.7193,107200000,608758710077.6188,CSI 1000 Fixture,a_share
000852.SH,2025-09-02,5683.6729,5736.6320,5638.2035,5691.1032,107300000,610655369385.2588,CSI 1000 Fixture,a_share
000852.SH,2025-09-03,5695.4500,5747.5861,5649.8864,5701.9703,107400000,612391612584.4691,CSI 1000 Fixture,a_share
000852.SH,2025-09-04,5705.5869,5756.6999,5659.9422,5711.0118,107500000,613933767993.7030,CSI 1000 Fixture,a_share
000852.SH,2025-09-05,5713.7898,5763.7006,5668.0795,5717.9569,107600000,615252164732.7228,CSI 1000 Fixture,a_share
000852.SH,2025-09-08,5719.8058,5768.3598,5674.0474,5722.5791,107700000,616321772701.0861,CSI 1000 Fixture,a_share
000852.SH,2025-09-09,5723.4278,5770.4984,5677.6404,5724.7008,107800000,617122748757.2504,CSI 1000 Fixture,a_share
000852.SH,2025-09-10,5724.4994,5770.2954,5678.4036,5724.1972,107900000,617640877704.9147,CSI 1000 Fixture,a_share
899050.BJ,2025-01-02,994.8485,1025.2583,986.8897,1017.1213,90000000,91540920161.6316,BSE 50 Fixture,bse
899050.BJ,2025-01-03,1016.6510,1024.7842,1007.8179,1015.9455,90100000,91536685255.1055,BSE 50 Fixture,bse
899050.BJ,2025-01-06,1015.2903,1023.4126,1006.1930,1014.3075,90200000,91490532027.3136,BSE 50 Fixture,bse
899050.BJ,2025-01-07,1013.4840,1021.5919,1004.1509,1012.2489,90300000,91406072284.6772,BSE 50 Fixture,bse
899050.BJ,2025-01-08,1011.2769,1019.3671,1001.7405,1009.8190,90400000,91287639594.9209,BSE 50 Fixture,bse
899050.BJ,2025-01-09,1008.7210,1016.7908,999.0174,1007.0740,90500000,91140200484.5265,BSE 50 Fixture,bse
899050.BJ,2025-01-10,1005.8747,1013.9217,996.0430,1004.0756,90600000,90969252711.8966,BSE 50 Fixture,bse
899050.BJ,2025-01-13,1002.8013,1010.8237,992.8828,1000.8899,90700000,90780712669.3224,BSE 50 Fixture,bse
899050.BJ,2025-01-14,999.5683,1007.5648,989.6052,997.5858,90800000,90580794192.7722,BSE 50 Fixture,bse
899050.BJ,2025-01-15,996.2452,1004.2151,986.2802,994.2341,90900000,90375881238.3867,BSE 50 Fixture,bse
899050.BJ,2025-01-16,992.9027,1000.8459,982.9782,990.9055,91000000,90172397014.6297,BSE 50 Fixture,bse
899050.BJ,2025-01-17,989.6110,997.5279,979.7679,987.6693,91100000,89976672236.5207,BSE 50 Fixture,bse
899050.BJ,2025-01-20,986.4385,994.3300,976.7155,984.5923,91200000,89794815191.5778,BSE 50 Fixture,bse
899050.BJ,2025-01-21,983.4502,991.3178,973.8831,981.7370,91300000,89632586275.4419,BSE 50 Fixture,bse
899050.BJ,2025-01-22,980.7064,988.5521,971.3273,979.1606,91400000,89495279569.1470,BSE 50 Fixture,bse
899050.BJ,2025-01-23,978.2619,986.0880,969.0985,976.9138,91500000,89387613891.3033,BSE 50 Fixture,bse
899050.BJ,2025-01-24,976.1642,983.9735,967.2394,975.0397,91600000,89313635569.7744,BSE 50 Fixture,bse
899050.BJ,2025-01-27,974.4530,982.2486,965.7843,973.5729,91700000,89276634942.5100,BSE 50 Fixture,bse
899050.BJ,2025-01-28,973.1593,980.9446,964.7587,972.5390,91800000,89279078320.7352,BSE 50 Fixture,bse
899050.BJ,2025-01-29,972.3049,980.0834,964.1782,971.9538,91900000,89322556835.2501,BSE 50 Fixture,bse
899050.BJ,2025-01-30,971.9017,979.6769,964.0488,971.8234,92000000,89407753244.4682,BSE 50 Fixture,bse
899050.BJ,2025-01-31,971.9515,979.9208,964.1759,972.1436,92100000,89534427417.9340,BSE 50 Fixture,bse
899050.BJ,2025-02-03,972.4463,980.6836,964.6668,972.9004,92200000,89701420828.8152,BSE 50 Fixture,bse
899050.BJ,2025-02-04,973.3683,981.8628,965.5814,974.0702,92300000,89906680000.9930,BSE 50 Fixture,bse
899050.BJ,2025-02-05,974.6902,983.4251,966.8926,975.6201,92400000,90147298468.7836,BSE 50 Fixture,bse
899050.BJ,2025-02-06,976.3756,985.3290,968.5646,977.5089,92500000,90419576427.9231,BSE 50 Fixture,bse
899050.BJ,2025-02-07,978.3805,987.5254,970.5535,979.6879,92600000,90719096893.0062,BSE 50 Fixture,bse
899050.BJ,2025-02-10,980.6534,989.9584,972.8081,982.1016,92700000,91040816836.5487,BSE 50 Fixture,bse
899050.BJ,2025-02-11,983.1367,992.5669,975.2716,984.6893,92800000,91379171475.2229,BSE 50 Fixture,bse
899050.BJ,2025-02-12,985.7681,995.2854,977.8820,987.3863,92900000,91728189596.0020,BSE 50 Fixture,bse
899050.BJ,2025-02-13,988.4818,998.0459,980.5739,990.1249,93000000,92081617584.5773,BSE 50 Fixture,bse
899050.BJ,2025-02-14,991.2094,1000.7789,983.2798,992.8362,93100000,92433049635.2891,BSE 50 Fixture,bse
899050.BJ,2025-02-17,993.8822,1003.4149,985.9312,995.4513,93200000,92776061489.7716,BSE 50 Fixture,bse
899050.BJ,2025-02-18,996.4320,1005.8862,988.4605,997.9029,93300000,93104344973.3705,BSE 50 Fixture,bse
899050.BJ,2025-02-19,998.7925,1008.1278,990.8021,1000.1268,93400000,93411840575.8460,BSE 50 Fixture,bse
899050.BJ,2025-02-20,1000.9012,1010.0792,992.8939,1002.0627,93500000,93692865356.5249,BSE 50 Fixture,bse
899050.BJ,2025-02-21,1002.7002,1011.6856,994.6786,1003.6563,93600000,93942233543.3275,BSE 50 Fixture,bse
899050.BJ,2025-02-24,1004.1377,1012.8987,996.1046,1004.8598,93700000,94155367338.2809,BSE 50 Fixture,bse
899050.BJ,2025-02-25,1005.1692,1013.6783,997.1278,1005.6332,93800000,94328395636.4216,BSE 50 Fixture,bse
899050.BJ,2025-02-26,1005.7579,1013.9926,997.7119,1005.9450,93900000,94458238606.5446,BSE 50 Fixture,bse
899050.BJ,2025-02-27,1005.8763,1013.9233,997.7270,1005.7732,94000000,94542676366.2223,BSE 50 Fixture,bse
899050.BJ,2025-02-28,1005.5060,1013.5500,997.0644,1005.1052,94100000,94580400304.2120,BSE 50 Fixture,bse
899050.BJ,2025-03-03,1004.6387,1012.6758,995.9074,1003.9389,94200000,94571045954.3112,BSE 50 Fixture,bse
899050.BJ,2025-03-04,1003.2762,1011.3024,994.2639,1002.2821,94300000,94515206698.8068,BSE 50 Fixture,bse
899050.BJ,2025-03-05,1001.4304,1009.4419,992.1516,1000.1528,94400000,94414427969.3218,BSE 50 Fixture,bse
899050.BJ,2025-03-06,999.1232,1007.1161,989.5980,997.5786,94500000,94271182010.1516,BSE 50 Fixture,bse
899050.BJ,2025-03-07,996.3858,1004.3569,986.6397,994.5964,94600000,94088823666.0267,BSE 50 Fixture,bse
899050.BJ,2025-03-10,993.2585,1001.2046,983.3216,991.2516,94700000,93871528044.5180,BSE 50 Fixture,bse
899050.BJ,2025-03-11,989.7898,997.7082,979.6964,987.5972,94800000,93624211275.0871,BSE 50 Fixture,bse
899050.BJ,2025-03-12,986.0354,993.9237,975.8231,983.6927,94900000,93352435934.4393,BSE 50 Fixture,bse
899050.BJ,2025-03-13,982.0569,989.9133,971.7664,979.6032,95000000,93062303024.2209,BSE 50 Fixture,bse
899050.BJ,2025-03-14,977.9210,985.7444,967.5946,975.3978,95100000,92760332665.6870,BSE 50 Fixture,bse
899050.BJ,2025-03-17,973.6981,981.4877,963.3793,971.1485,95200000,92453335910.9805,BSE 50 Fixture,bse
899050.BJ,2025-03-18,969.4605,977.2162,959.1930,966.9284,95300000,92148280257.2300,BSE 50 Fixture,bse
899050.BJ,2025-03-19,965.2814,973.0036,955.1083,962.8108,95400000,91852151583.8616,BSE 50 Fixture,bse
899050.BJ,2025-03-20,961.2334,968.9232,951.1962,958.8672,95500000,91571815312.5022,BSE 50 Fixture,bse
899050.BJ,2025-03-21,957.3867,965.0458,947.5248,955.1661,95600000,91313879610.8806,BSE 50 Fixture,bse
899050.BJ,2025-03-24,953.8084,961.4389,944.1576,951.7718,95700000,91084563426.6469,BSE 50 Fixture,bse
899050.BJ,2025-03-25,950.5603,958.1647,941.1530,948.7429,95800000,90889572044.6369,BSE 50 Fixture,bse
899050.BJ,2025-03-26,947.6982,955.2798,938.5622,946.1312,95900000,90733982713.5627,BSE 50 Fixture,bse
899050.BJ,2025-03-27,945.2710,952.8332,936.4288,943.9807,96000000,90622142688.3159,BSE 50 Fixture,bse
899050.BJ,2025-03-28,943.3190,950.8656,934.7879,942.3266,96100000,90557581785.9989,BSE 50 Fixture,bse
899050.BJ,2025-03-31,941.8739,949.4088,933.6653,941.1948,96200000,90542941262.3993,BSE 50 Fixture,bse
899050.BJ,2025-04-01,940.9575,948.4851,933.0766,940.6015,96300000,90579920486.7715,BSE 50 Fixture,bse
899050.BJ,2025-04-02,940.5818,948.1065,933.0279,940.5523,96400000,90669242533.1006,BSE 50 Fixture,bse
899050.BJ,2025-04-03,940.7485,948.5712,933.2226,941.0429,96500000,90810639422.7900,BSE 50 Fixture,bse
899050.BJ,2025-04-04,941.4492,949.5950,933.9176,942.0586,96600000,91002857354.7019,BSE 50 Fixture,bse
899050.BJ,2025-04-07,942.6651,951.1234,935.1237,943.5748,96700000,91243681851.7972,BSE 50 Fixture,bse
899050.BJ,2025-04-08,944.3679,953.1221,936.8130,945.5577,96800000,91529982347.5643,BSE 50 Fixture,bse
899050.BJ,2025-04-09,946.5205,955.5484,938.9483,947.9647,96900000,91857775338.2662,BSE 50 Fixture,bse
899050.BJ,2025-04-10,949.0770,958.3514,941.4843,950.7454,97000000,92222304846.9171,BSE 50 Fixture,bse
899050.BJ,2025-04-11,951.9844,961.4736,944.3685,953.8428,97100000,92618138589.5970,BSE 50 Fixture,bse
899050.BJ,2025-04-14,955.1834,964.8518,947.5419,957.1942,97200000,93039277911.5416,BSE 50 Fixture,bse
899050.BJ,2025-04-15,958.6096,968.4184,950.9407,960.7326,97300000,93479279276.0617,BSE 50 Fixture,bse
899050.BJ,2025-04-16,962.1947,972.1030,954.4972,964.3879,97400000,93931384849.6345,BSE 50 Fixture,bse
899050.BJ,2025-04-17,965.8683,975.8335,958.1413,968.0888,97500000,94388659536.4487,BSE 50 Fixture,bse
899050.BJ,2025-04-18,969.5587,979.5378,961.8023,971.7636,97600000,94844131679.2698,BSE 50 Fixture,bse
899050.BJ,2025-04-21,973.1951,983.1450,965.4095,975.3422,97700000,95290934563.5918,BSE 50 Fixture,bse
899050.BJ,2025-04-22,976.7082,986.5872,968.8945,978.7571,97800000,95722445840.4263,BSE 50 Fixture,bse
899050.BJ,2025-04-23,980.0323,989.8006,972.1920,981.9451,97900000,96132422020.2883,BSE 50 Fixture,bse
899050.BJ,2025-04-24,983.1063,992.7270,975.2415,984.8482,98000000,96515125286.3411,BSE 50 Fixture,bse
899050.BJ,2025-04-25,985.8750,995.3146,977.9880,987.4153,98100000,96865440026.4277,BSE 50 Fixture,bse
899050.BJ,2025-04-28,988.2902,997.5194,980.3839,989.6026,98200000,97178976688.8532,BSE 50 Fixture,bse
899050.BJ,2025-04-29,990.3116,999.3060,982.3891,991.3750,98300000,97452160821.2193,BSE 50 Fixture,bse
899050.BJ,2025-04-30,991.9075,1000.6480,983.9723,992.7064,98400000,97682305450.2446,BSE 50 Fixture,bse
899050.BJ,2025-05-01,993.0560,1001.5290,985.1115,993.5804,98500000,97867665297.3379,BSE 50 Fixture,bse
899050.BJ,2025-05-02,993.7444,1001.9425,985.7945,993.9906,98600000,98007471692.9072,BSE 50 Fixture,bse
899050.BJ,2025-05-05,993.9706,1001.9224,985.9892,993.9407,98700000,98101947444.5531,BSE 50 Fixture,bse
899050.BJ,2025-05-06,993.7422,1001.6921,985.4968,993.4443,98800000,98152301322.4327,BSE 50 Fixture,bse
899050.BJ,2025-05-07,993.0765,1001.0211,984.5846,992.5248,98900000,98160702240.9055,BSE 50 Fixture,bse
899050.BJ,2025-05-08,992.0007,999.9367,983.2848,991.2145,99000000,98130233630.6000,BSE 50 Fixture,bse
899050.BJ,2025-05-09,990.5504,998.4748,981.6378,989.5543,99100000,98064828900.7999,BSE 50 Fixture,bse
899050.BJ,2025-05-12,988.7696,996.6798,979.6919,987.5926,99200000,97969189280.2412,BSE 50 Fixture,bse
899050.BJ,2025-05-13,986.7094,994.6031,977.5015,985.3845,99300000,97848685687.0676,BSE 50 Fixture,bse
899050.BJ,2025-05-14,984.4269,992.3023,975.1265,982.9904,99400000,97709246608.3646,BSE 50 Fixture,bse
899050.BJ,2025-05-15,981.9841,989.8400,972.6309,980.4747,99500000,97557234259.5800,BSE 50 Fixture,bse
899050.BJ,2025-05-16,979.4467,987.2823,970.0815,977.9047,99600000,97399311538.2444,BSE 50 Fixture,bse
899050.BJ,2025-05-19,976.8825,984.6975,967.5463,975.3491,99700000,97242302479.6528,BSE 50 Fixture,bse
899050.BJ,2025-05-20,974.3599,982.1548,965.0932,972.8762,99800000,97093049060.5103,BSE 50 Fixture,bse
899050.BJ,2025-05-21,971.9470,979.7226,962.7888,970.5532,99900000,96958267277.0436,BSE 50 Fixture,bse
899050.BJ,2025-05-22,969.7096,977.4672,960.6965,968.4441,100000000,96844405444.9868,BSE 50 Fixture,bse
899050.BJ,2025-05-23,967.7098,975.4515,958.8756,966.6085,100100000,96757507629.5941,BSE 50 Fixture,bse
899050.BJ,2025-05-26,966.0053,973.7334,957.3798,965.1006,100200000,96703085015.1261,BSE 50 Fixture,bse
899050.BJ,2025-05-27,964.6476,972.3648,956.2563,963.9681,100300000,96685997866.9676,BSE 50 Fixture,bse
899050.BJ,2025-05-28,963.6810,971.3905,955.5445,963.2505,100400000,96710350528.7509,BSE 50 Fixture,bse
899050.BJ,2025-05-29,963.1420,970.8471,955.2753,962.9791,100500000,96779401635.7768,BSE 50 Fixture,bse
899050.BJ,2025-05-30,963.0578,970.8813,955.3534,963.1759,100600000,96895491419.8611,BSE 50 Fixture,bse
899050.BJ,2025-06-02,963.4467,971.5637,955.7391,963.8529,100700000,97059987635.6599,BSE 50 Fixture,bse
899050.BJ,2025-06-03,964.3167,972.7325,956.6022,965.0124,100800000,97273251261.5030,BSE 50 Fixture,bse
899050.BJ,2025-06-04,965.6660,974.3796,957.9407,966.6464,100900000,97534622726.4174,BSE 50 Fixture,bse
899050.BJ,2025-06-05,967.4826,976.4868,959.7428,968.7369,101000000,97842428997.5140,BSE 50 Fixture,bse
899050.BJ,2025-06-06,969.7447,979.0263,961.9867,971.2563,101100000,98194011436.7035,BSE 50 Fixture,bse
899050.BJ,2025-06-09,972.4209,981.9611,964.6415,974.1677,101200000,98585773911.4981,BSE 50 Fixture,bse
899050.BJ,2025-06-10,975.4710,985.2454,967.6673,977.4260,101300000,99013250230.0709,BSE 50 Fixture,bse
899050.BJ,2025-06-11,978.8469,988.8260,971.0161,980.9782,101400000,99471189574.3013,BSE 50 Fixture,bse
899050.BJ,2025-06-12,982.4930,992.6432,974.6330,984.7651,101500000,99953658234.3273,BSE 50 Fixture,bse
899050.BJ,2025-06-13,986.3479,996.6318,978.4571,988.7220,101600000,100454155611.7931,BSE 50 Fixture,bse
899050.BJ,2025-06-16,990.3453,1000.7224,982.4225,992.7802,101700000,100965742163.4298,BSE 50 Fixture,bse
899050.BJ,2025-06-17,994.4154,1004.8431,986.4600,996.8681,101800000,101481176707.9726,BSE 50 Fixture,bse
899050.BJ,2025-06-18,998.4862,1008.9206,990.4983,1000.9133,101900000,101993060322.8530,BSE 50 Fixture,bse
899050.BJ,2025-06-19,1002.4851,1012.8817,994.4653,1004.8430,102000000,102493983916.7336,BSE 50 Fixture,bse
899050.BJ,2025-06-20,1006.3404,1016.6551,998.2896,1008.5864,102100000,102976676482.7481,BSE 50 Fixture,bse
899050.BJ,2025-06-23,1009.9822,1020.1724,1001.9023,1012.0758,102200000,103434151017.0475,BSE 50 Fixture,bse
899050.BJ,2025-06-24,1013.3446,1023.3697,1005.2378,1015.2478,102300000,103859845128.4678,BSE 50 Fixture,bse
899050.BJ,2025-06-25,1016.3664,1026.1888,1008.2355,1018.0445,102400000,104247753467.1051,BSE 50 Fixture,bse
899050.BJ,2025-06-26,1018.9927,1028.5784,1010.8408,1020.4151,102500000,104592549260.3544,BSE 50 Fixture,bse
899050.BJ,2025-06-27,1021.1757,1030.4952,1013.0063,1022.3167,102600000,104889692461.3636,BSE 50 Fixture,bse
899050.BJ,2025-06-30,1022.8760,1031.9046,1014.6930,1023.7149,102700000,105135522282.5809,BSE 50 Fixture,bse
899050.BJ,2025-07-01,1024.0629,1032.7816,1015.8704,1024.5849,102800000,105327332200.7581,BSE 50 Fixture,bse
899050.BJ,2025-07-02,1024.7157,1033.1111,1016.5180,1024.9118,102900000,105463425873.1079,BSE 50 Fixture,bse
899050.BJ,2025-07-03,1024.8234,1033.0220,1016.4933,1024.6908,103000000,105543152790.1693,BSE 50 Fixture,bse
899050.BJ,2025-07-04,1024.3855,1032.5806,1015.7361,1023.9275,103100000,105566922901.4959,BSE 50 Fixture,bse
899050.BJ,2025-07-07,1023.4115,1031.5988,1014.4565,1022.6376,103200000,105536199877.2215,BSE 50 Fixture,bse
899050.BJ,2025-07-08,1021.9213,1030.0966,1012.6800,1020.8468,103300000,105453473103.1962,BSE 50 Fixture,bse
899050.BJ,2025-07-09,1019.9441,1028.1036,1010.4413,1018.5900,103400000,105322208940.8649,BSE 50 Fixture,bse
899050.BJ,2025-07-10,1017.5184,1025.6585,1007.7837,1015.9109,103500000,105146782206.5371,BSE 50 Fixture,bse
899050.BJ,2025-07-11,1014.6909,1022.8085,1004.7580,1012.8609,103600000,104932389229.5087,BSE 50 Fixture,bse
899050.BJ,2025-07-14,1011.5157,1019.6079,1001.4220,1009.4980,103700000,104684944226.3442,BSE 50 Fixture,bse
899050.BJ,2025-07-15,1008.0532,1016.1176,997.8389,1005.8859,103800000,104410961071.7564,BSE 50 Fixture,bse
899050.BJ,2025-07-16,1004.3686,1012.4036,994.0759,1002.0926,103900000,104117422847.8539,BSE 50 Fixture,bse
899050.BJ,2025-07-17,1000.5311,1008.5354,990.2034,998.1889,104000000,103811641806.8404,BSE 50 Fixture,bse
899050.BJ,2025-07-18,996.6121,1004.5850,986.2930,994.2470,104100000,103501112582.2848,BSE 50 Fixture,bse
899050.BJ,2025-07-21,992.6839,1000.6254,982.4166,990.3394,104200000,103193361626.6464,BSE 50 Fixture,bse
899050.BJ,2025-07-22,988.8184,996.7289,978.6446,986.5369,104300000,102895795934.8288,BSE 50 Fixture,bse
899050.BJ,2025-07-23,985.0852,992.9658,975.0443,982.9076,104400000,102615554133.3455,BSE 50 Fixture,bse
899050.BJ,2025-07-24,981.5507,989.4031,971.6793,979.5154,104500000,102359362971.7017,BSE 50 Fixture,bse
899050.BJ,2025-07-25,978.2768,986.1030,968.6074,976.4188,104600000,102133402147.5780,BSE 50 Fixture,bse
899050.BJ,2025-07-28,975.3190,983.1215,965.8800,973.6693,104700000,101943180232.3746,BSE 50 Fixture,bse
899050.BJ,2025-07-29,972.7261,980.5079,963.5408,971.3113,104800000,101793424241.8925,BSE 50 Fixture,bse
899050.BJ,2025-07-30,970.5389,978.3032,961.6252,969.3802,104900000,101687985122.8136,BSE 50 Fixture,bse
899050.BJ,2025-07-31,968.7891,976.5394,960.1593,967.9025,105000000,101629761104.6802,BSE 50 Fixture,bse
899050.BJ,2025-08-01,967.4994,975.2394,959.1596,966.8948,105100000,101620640505.7489,BSE 50 Fixture,bse
899050.BJ,2025-08-04,966.6824,974.4158,958.6328,966.3637,105200000,101661465186.6775,BSE 50 Fixture,bse
899050.BJ,2025-08-05,966.3406,974.0713,958.5755,966.3059,105300000,101752015426.5080,BSE 50 Fixture,bse
899050.BJ,2025-08-06,966.4667,974.4416,958.7350,966.7079,105400000,101891016559.3343,BSE 50 Fixture,bse
899050.BJ,2025-08-07,967.0434,975.2870,959.3071,967.5466,105500000,102076167266.2630,BSE 50 Fixture,bse
899050.BJ,2025-08-08,968.0438,976.5400,960.2995,968.7897,105600000,102304188974.8377,BSE 50 Fixture,bse
899050.BJ,2025-08-11,969.4323,978.1595,961.6769,970.3964,105700000,102570895386.0283,BSE 50 Fixture,bse
899050.BJ,2025-08-12,971.1652,980.0969,963.3958,972.3183,105800000,102871280736.0315,BSE 50 Fixture,bse
899050.BJ,2025-08-13,973.1913,982.2967,965.4058,974.5007,105900000,103199625014.9426,BSE 50 Fixture,bse
899050.BJ,2025-08-14,975.4537,984.6982,967.6501,976.8832,106000000,103549614014.7671,BSE 50 Fixture,bse
899050.BJ,2025-08-15,977.8904,987.2365,970.0673,979.4012,106100000,103914471772.4348,BSE 50 Fixture,bse
899050.BJ,2025-08-18,980.4359,989.8437,972.5924,981.9878,106200000,104287102715.8081,BSE 50 Fixture,bse
899050.BJ,2025-08-19,983.0224,992.4508,975.1582,984.5742,106300000,104660240617.4940,BSE 50 Fixture,bse
899050.BJ,2025-08-20,985.5814,994.9889,977.6967,987.0921,106400000,105026601316.8166,BSE 50 Fixture,bse
899050.BJ,2025-08-21,988.0451,997.3903,980.1407,989.4745,106500000,105379036087.6560,BSE 50 Fixture,bse
899050.BJ,2025-08-22,990.3477,999.5907,982.4249,991.6574,106600000,105710682510.7966,BSE 50 Fixture,bse
899050.BJ,2025-08-25,992.4269,1001.5298,984.4875,993.5812,106700000,106015109754.4821,BSE 50 Fixture,bse
899050.BJ,2025-08-26,994.2253,1003.1531,986.2715,995.1915,106800000,106286455275.2244,BSE 50 Fixture,bse
899050.BJ,2025-08-27,995.6913,1004.4126,987.7258,996.4411,106900000,106519550120.4885,BSE 50 Fixture,bse
899050.BJ,2025-08-28,996.7806,1005.2683,988.8064,997.2900,107000000,106710030242.3087,BSE 50 Fixture,bse
899050.BJ,2025-08-29,997.4568,1005.6888,989.4772,997.7071,107100000,106854431511.6674,BSE 50 Fixture,bse
899050.BJ,2025-09-01,997.6924,1005.6740,989.6890,997.6704,107200000,106950266451.9410,BSE 50 Fixture,bse
899050.BJ,2025-09-02,997.4693,1005.4490,989.1902,997.1676,107300000,106996081079.2853,BSE 50 Fixture,bse
899050.BJ,2025-09-03,996.7791,1004.7533,988.2268,996.1964,107400000,106991490641.0169,BSE 50 Fixture,bse
899050.BJ,2025-09-04,995.6237,1003.5887,986.8065,994.7646,107500000,106937193471.6942,BSE 50 Fixture,bse
899050.BJ,2025-09-05,994.0147,1001.9669,984.9469,992.8900,107600000,106834962631.9987,BSE 50 Fixture,bse
899050.BJ,2025-09-08,991.9740,999.9098,982.6752,990.6000,107700000,106687615448.6134,BSE 50 Fixture,bse
899050.BJ,2025-09-09,989.5324,997.4486,980.0275,987.9310,107800000,106498961524.8517,BSE 50 Fixture,bse
899050.BJ,2025-09-10,986.7298,994.6236,977.0486,984.9280,107900000,106273730232.5922,BSE 50 Fixture,bse
